neighbourhood,borough
Hell's Kitchen,Manhattan
Harlem,Manhattan
Alphabet City,Manhattan
Flatbush,Brooklyn
East Flatbush,Brooklyn
Jamaica,Queens
Forest Hills,Queens
Murray Hill,Manhattan
Lefferts Garden,Brooklyn
Brownsville,Brooklyn
Williamsburg,Brooklyn
Bedford-Stuyvesant,Brooklyn
Greenwich Village,Manhattan
Washington Heights,Manhattan
West Village,Manhattan
Bushwick,Brooklyn
Morningside Heights,Manhattan
Tribeca,Manhattan
East Harlem,Manhattan
Upper West Side,Manhattan
Greenpoint,Brooklyn
Gravesend,Brooklyn
Flushing,Queens
Sunset Park,Brooklyn
East Village,Manhattan
Soundview,Bronx
Crown Heights,Brooklyn
Boerum Hill,Brooklyn
Greenwood Heights,Brooklyn
Lower East Side,Manhattan
Sheepshead Bay,Brooklyn
Clinton Hill,Brooklyn
Midtown East,Manhattan
Ridgewood,Queens
The Rockaways,Queens
Upper East Side,Manhattan
Midwood,Brooklyn
Soho,Manhattan
Chelsea,Manhattan
Fort Greene,Brooklyn
Flatiron District,Manhattan
Astoria,Queens
Inwood,Manhattan
Kips Bay,Manhattan
Eastchester,Bronx
Hamilton Heights,Manhattan
Carroll Gardens,Brooklyn
Bayside,Queens
Mott Haven,Bronx
Sunnyside,Queens
Roosevelt Island,Manhattan
Jackson Heights,Queens
Hudson Square,Manhattan
Prospect Heights,Brooklyn
Bensonhurst,Brooklyn
South Street Seaport,Manhattan
East New York,Brooklyn
Union Square,Manhattan
Castleton Corners,Staten Island
Wakefield,Bronx
Little Italy,Manhattan
Ozone Park,Queens
Financial District,Manhattan
Gramercy Park,Manhattan
Noho,Manhattan
Midtown,Manhattan
Columbia Street Waterfront,Brooklyn
Windsor Terrace,Brooklyn
Park Slope,Brooklyn
Fordham,Bronx
St. George,Staten Island
Stapleton,Staten Island
Maspeth,Queens
Nolita,Manhattan
University Heights,Bronx
Kensington,Brooklyn
Mount Eden,Bronx
Flatlands,Brooklyn
Red Hook,Brooklyn
Times Square/Theatre District,Manhattan
Woodhaven,Queens
Chinatown,Manhattan
Highbridge,Bronx
South Ozone Park,Queens
Middle Village,Queens
Oakwood,Staten Island
West Brighton,Staten Island
Gowanus,Brooklyn
Downtown Brooklyn,Brooklyn
Ditmars / Steinway,Queens
Queens,Queens
Woodside,Queens
Brooklyn Navy Yard,Brooklyn
Concord,Staten Island
Manhattan Beach,Brooklyn
East Elmhurst,Queens
Throgs Neck,Bronx
Hunts Point,Bronx
Richmond Hill,Queens
Bergen Beach,Brooklyn
Elmhurst,Queens
Kingsbridge Heights,Bronx
Van Nest,Bronx
City Island,Bronx
Coney Island,Brooklyn
Kingsbridge,Bronx
Marble Hill,Manhattan
Kew Garden Hills,Queens
Morris Heights,Bronx
Brooklyn Heights,Brooklyn
Canarsie,Brooklyn
Parkchester,Bronx
Whitestone,Queens
Bedford Park,Bronx
Pelham Bay,Bronx
Manhattan,Manhattan
Concourse Village,Bronx
Dyker Heights,Brooklyn
Utopia,Queens
Howard Beach,Queens
Vinegar Hill,Brooklyn
Baychester,Bronx
College Point,Queens
Bay Ridge,Brooklyn
Fresh Meadows,Queens
Hillcrest,Queens
Crotona,Bronx
Long Island City,Queens
Corona,Queens
Cobble Hill,Brooklyn
Tompkinsville,Staten Island
Concourse,Bronx
Park Versailles,Bronx
Williamsbridge,Bronx
Riverdale,Bronx
Eltingville,Staten Island
Civic Center,Manhattan
Borough Park,Brooklyn
Meatpacking District,Manhattan
Meiers Corners,Staten Island
Glendale,Queens
Bronxdale,Bronx
DUMBO,Brooklyn
Rego Park,Queens
Woodlawn,Bronx
Battery Park City,Manhattan
Grasmere,Staten Island
Allerton,Bronx
Sea Gate,Brooklyn
Belmont,Bronx
Longwood,Bronx
Westerleigh,Staten Island
South Beach,Staten Island
New Brighton,Staten Island
Edenwald,Bronx
Norwood,Bronx
Annadale,Staten Island
Tremont,Bronx
Brooklyn,Brooklyn
Brighton Beach,Brooklyn
Westchester Village,Bronx
Midland Beach,Staten Island
Morris Park,Bronx
Elm Park,Staten Island
Spuyten Duyvil,Bronx
Mariners Harbor,Staten Island
Port Morris,Bronx
Rosebank,Staten Island
Castle Hill ,Bronx
New Springville,Staten Island
The Bronx,Bronx
Randall Manor,Staten Island
Bath Beach,Brooklyn
Grymes Hill,Staten Island
Morrisania,Bronx
Dongan Hills,Staten Island
Great Kills,Staten Island
Co-op City,Bronx
Mill Basin,Brooklyn
Claremont,Manhattan
Port Richmond,Staten Island
Willowbrook,Staten Island
Tottenville,Staten Island
Lindenwood,Queens
Clifton,Staten Island
Country Club,Bronx
Lighthouse HIll,Staten Island
Marine Park,Brooklyn
Melrose,Bronx
Silver Lake,Staten Island
Fort Wadsworth,Staten Island
Rossville,Staten Island
Grant City,Staten Island
